subject,queue,predicted_queue,priority,language,text_preview
Medizinische Datenfreigabe durch veraltete Software,Product Support,Technical Support,low,de,"Medizinische Datenfreigabe durch veraltete Software | Das Krankenhaus hat eine mögliche Offenlegung medizinischer Daten erlebt, wahrscheinlich verursacht durch veraltete Software-Updates. Erste Maßnahmen umfassten das Aktualisieren der Antivirensignaturen, das"
Investition in Sage Accounting Integration - Analytik,Customer Service,Billing and Payments,low,de,"Investition in Sage Accounting Integration - Analytik | Sehr geehrter Kundenservice, ich möchte mich erkundigen, ob die Integration von Sage Accounting mit Python 3.9 möglich ist, um die Analyse von Investitionsdaten zu verbessern. Ich freue mich auf eine Anle"
Protection of Medical Security Data,General Inquiry,Customer Service,medium,en,Protection of Medical Security Data | Drafting a request for improved security protocols to safeguard medical information within the hospital's infrastructure and ensure the protection of confidential data.
,IT Support,Service Outages and Maintenance,high,en," | The digital tools used by the marketing agency experienced a malfunction, leading to a disruption in the workflow. After restarting the devices and updating the software, the problem still remains."
Reduction in Client Engagement Metrics,Human Resources,Product Support,medium,en,Reduction in Client Engagement Metrics | unusual decrease in agency metrics
Enhancing Security for Medical Data in JBL Systems,Technical Support,Customer Service,high,en,Enhancing Security for Medical Data in JBL Systems | Seeking detailed advice on security measures that can be implemented to protect medical data within the JBL Quantum Duo system. Specifically interested in understanding how the system ensures the confidentia
Seeking Assistance with Seamless Performance Marketing Analytics Integration,IT Support,Product Support,high,en,"Seeking Assistance with Seamless Performance Marketing Analytics Integration | Dear Customer Support Team,\n\nI am looking for comprehensive guidance on how to incorporate Performance Marketing Analytics into our existing NAS system to enable unified data acce"
Benachrichtigung wegen unbefugten Zugriffs im IT-System wurde heute ausgelöst,Human Resources,Technical Support,low,de,"Benachrichtigung wegen unbefugten Zugriffs im IT-System wurde heute ausgelöst | Ein unbefugter Zugriff wurde heute im IT-System des Krankenhauses ausgelöst. Dies geschah möglicherweise durch eine Phishing-Aktion, bei der Mitarbeiterkennwörter verloren gegangen"
Issue with HubSpot Integration,IT Support,Technical Support,medium,de,Issue with HubSpot Integration | We are encountering difficulties with the integration of HubSpot CRM tools. The recent software updates might be causing compatibility issues. We have already attempted to resolve the problem by checking system settings and res
Issue with System during Operations,Product Support,Technical Support,medium,en,"Issue with System during Operations | There was a system disruption that impacted several software and hardware products, as well as data analytics operations. This could be due to software incompatibilities or network issues. Users have tried restarting their"
