subject,true_queue,predicted_queue,language,priority,text_preview
Issues with ClickUp App During Peak Hours,Product Support,Technical Support,en,medium,"Issues with ClickUp App During Peak Hours | Users frequently encounter crashes of the ClickUp app during peak hours, likely due to server overload and unresolved integrations. Efforts to address the problem have included clearing the cache and updating the app."
Address Decrease in Brand Engagement Amidst Utilized Digital Strategies,Human Resources,Product Support,en,medium,"Address Decrease in Brand Engagement Amidst Utilized Digital Strategies | Our marketing agency is experiencing a decline in brand engagement despite employing a variety of digital strategies. This may be due to outdated content and ineffective targeting. After analyzing performance metrics and attempting to refresh our campaigns, we have only achieved limited success. To enhance engagement, we need to reassess the content strategy and targeting m"
Issue with Subscription,Returns and Exchanges,Billing and Payments,en,low,Issue with Subscription | Having trouble with unexpected subscription charges for digital products linked to brand growth strategies. This might be due to the auto-renewal feature on multiple accounts. Have already checked the billing settings and tried canceling subscriptions but the issues persist.
Enhance Digital Marketing Tools and Strategies,IT Support,Customer Service,en,medium,"Enhance Digital Marketing Tools and Strategies | Upgrade digital marketing tools and systems to enhance brand growth strategies and improve performance analytics. This will help in increasing brand visibility and reaching a wider audience, leading to better performance growth."
Questions Regarding Promotional Solutions,Product Support,Customer Service,en,medium,Questions Regarding Promotional Solutions | Would you be able to share more information about your promotional solutions?
Support Required for Hadoop Integration,Customer Service,Technical Support,en,medium,Support Required for Hadoop Integration | Customer is seeking assistance with detailed documentation and best practices for integrating Apache Hadoop 3.2.1 with a NAS system. They request step-by-step instructions and additional resource recommendations to facilitate a seamless setup process. They appreciate your support and look forward to your prompt response.
Safeguarding Medical Data in Hospital Systems,Product Support,Customer Service,en,high,"Safeguarding Medical Data in Hospital Systems | Customer Support, I am reaching out to inquire about best practices for protecting medical data within hospital systems through various solutions. Could you supply detailed guidance on this matter? I would appreciate information on encryption techniques, access management, and data backup protocols. Additionally, are there specific compliance standards that I should be aware of? I am seeking a compr"
Risks to Healthcare Data Security,IT Support,Technical Support,en,high,Risks to Healthcare Data Security | A healthcare provider is experiencing data breaches that threaten the security of medical records due to outdated system patches.
Financial Firm Issue,Technical Support,IT Support,en,high,"Financial Firm Issue | The data analytics platform is crashing, which is impacting investment optimization. Potential reasons might include software conflicts or resource constraints. Despite reinstalling the affected applications and rebooting the devices, the problem persists. We are concerned about the operational impact and would appreciate prompt assistance in resolving this matter. Please advise on the next steps to take."
Guidance for Integrating Microsoft Azure with Monday.com Projects,Technical Support,Customer Service,en,high,Guidance for Integrating Microsoft Azure with Monday.com Projects | Seeking advice on integrating Microsoft Azure with Monday.com to improve project management. Aim to streamline workflows and enhance collaboration. Appreciate your assistance.
Urgent Technical Support for Project Management SaaS,Product Support,Technical Support,en,high,"Urgent Technical Support for Project Management SaaS | A critical incident has occurred with our project management SaaS, impacting multiple products such as Asana and GitLab. The issue might have been triggered by recent system updates leading to integration failures across platforms. Despite restarting applications, clearing caches, and verifying system configurations, the problem persists. An urgent investigation is needed to resolve this issu"
Security concern in hospital information systems,Product Support,Technical Support,en,medium,"Security concern in hospital information systems | A healthcare organization encountered unauthorized access attempts, potentially due to obsolete security protocols."
Query Regarding Digital Strategies in the Digital Realm,Technical Support,Customer Service,en,medium,Query Regarding Digital Strategies in the Digital Realm | Would you like to know more about our digital strategies?
Improve Security of Medical Information,Sales and Pre-Sales,Product Support,en,medium,"Improve Security of Medical Information | Customer Support, please consider enhancing the security measures protecting sensitive medical data within the hospital's systems. Given the high sensitivity and confidentiality of medical information, it is crucial to ensure that all necessary measures are in place to prevent unauthorized access and data breaches. We would like to request the implementation of additional security protocols such as encryp"
"Digital Tools Not Responding Today, Affecting Brand Campaigns",IT Support,Technical Support,en,high,"Digital Tools Not Responding Today, Affecting Brand Campaigns | Our customer support team has noticed that several essential digital tools used by our marketing agency, such as Shopware, Mailchimp, and ClickUp, are unresponsive. This is causing disruptions to our ongoing brand campaigns. We suspect there may be conflicts within our network software. Despite restarting devices and updating software, the problem persists. We kindly request your ass"
Challenges with Alteryx WooCommerce Data Integration,Technical Support,Customer Service,en,high,Challenges with Alteryx WooCommerce Data Integration | Facing difficulties with data integration between platforms
Issue with Synchronization Across Devices,Product Support,IT Support,en,high,Issue with Synchronization Across Devices | Syncing project updates is causing disruptions in the workflow. Reinstalling and restarting resolves the problem.
Issue with Incident Management SaaS,Product Support,Technical Support,en,high,"Issue with Incident Management SaaS | An SaaS tool for incident project management, impacting Zoom, Puppet, and Bitbucket, is experiencing system slowdowns believed to be due to recent updates and server overloads. After restarting affected services, clearing caches, and increasing server capacity, the issue still persists. Urgent assistance is requested to provide a solution as soon as possible. Please inform if any additional information is nee"
Inquiry About API Integration for Project Management SaaS,Product Support,Customer Service,en,high,"Inquiry About API Integration for Project Management SaaS | Customer Support, we are reaching out to inquire about the API integration capabilities for the project management SaaS platform. Could you please provide detailed information on the types of APIs that are supported, the data that is integrated, and any specific requirements or restrictions for the integration process? We would greatly appreciate any documentation resources that could as"
Inquiry About API Integration for Project Management Tools,Technical Support,Billing and Payments,en,medium,"Inquiry About API Integration for Project Management Tools | I am interested in learning more about the API integration capabilities that your company offers for project management solutions such as Trello and Asana. Could you provide details on the types of integrations that are available, and perhaps some information on the setup process and associated costs? This information will help us determine if it is a suitable solution for our business "
